"request_id","tool_id","requested_qty","nedb_id"
"vMgTM0uMWOvL9NvR","320",1,"00jPpso7CTwJEbZs"
"vWuGmrpIRrkyS9kV","16",1,"1dsv9Nrx5fZut5pf"
"R3NSRH4KtSowNMwx","153",1,"1ky3WeMdaXWO8uAG"
"sYeiIA8sBMdpyS3b","171",1,"2OnZYazfI6GYzhfu"
"71T5T1DVS10pFbxW","7",1,"2YwrDiUaDXOBzZmP"
"lm5WGcfzCcVj5zFM","15",4,"2vd0Lzf8DM5TMtn2"
"ij6d6ZqzJv6bajqI","281",5,"4BdZVM8skRcxH4QW"
"UK4ZxsXlGdCxYBLS","8",1,"4EEYhRdcoXtPlEqj"
"hBRYYZgDJyCCXyUZ","281",1,"4hO2PfJKoVE0TtsJ"
"wMkBOB6htln20KU8","148",3,"A9pTI6s9B2chrDAf"
"UK4ZxsXlGdCxYBLS","7",1,"ACuc5Xh3Hos7iirB"
"hBRYYZgDJyCCXyUZ","79",5,"AiIXWupDaknWnqzh"
"ij6d6ZqzJv6bajqI","320",5,"BxhDkBrrGPAejM4b"
"XZhPi0E5nQUMI5qQ","201",3,"CJwyMDH0FE7sPUea"
"X6ghHJEeARVFlUcx","5",1,"COeOIRCH5BXTvplT"
"wMkBOB6htln20KU8","342",1,"D4bENTlzkXsAQ9R9"
"ylS1QHFJQU01hx04","12",2,"E4O0GzcpOjwZc4Zu"
"UK4ZxsXlGdCxYBLS","2",3,"FqoudzsmNOlPIITv"
"a5FNRKP1OswQb8If","182",1,"GsXCYJlPKBYSpWKe"
"R3NSRH4KtSowNMwx","301",1,"HQhLeChXQRlTWks6"
"vMgTM0uMWOvL9NvR","248",1,"Hk7UaxpvoJ8B4op9"
"sYeiIA8sBMdpyS3b","354",1,"HkwDSogC3ie0DdLm"
"ha8bR3uF4RzEulZt","12",3,"JAjAyL2VH03XiuMj"
"C2H9YdloL4cHgsQy","3",2,"N6bgOUwLsQix8ku0"
"a5FNRKP1OswQb8If","161",1,"OxtU8cwERTXDhOoI"
"vl0dLgY9CIoLxpVY","15",1,"QGBQRymZwnPA6yhY"
"vMgTM0uMWOvL9NvR","171",1,"QGVL48IkiGsYKAuh"
"ha8bR3uF4RzEulZt","5",1,"QYzAsAsHuFKMZ1yd"
"sYeiIA8sBMdpyS3b","177",1,"QjDYdMlBQvEvM0Nw"
"fodsekfqofCU5dXT","2",2,"RGD4PJwm96lIJjmL"
"ylS1QHFJQU01hx04","17",1,"RX9B5Nhjn4Q2snhZ"
"vWuGmrpIRrkyS9kV","15",5,"RhbLQapJ3mzkrL4F"
"1sQspSt1tuESOWSj","15",1,"T4OmTGqtSWqTFC8K"
"fodsekfqofCU5dXT","7",1,"UaC2aXVnPNHbhsbt"
"ij6d6ZqzJv6bajqI","233",1,"VmPUUdVvPdYTEvDq"
"r809N74DuB4PZavO","9",1,"Xy5HtxokwRarkfgm"
"XZhPi0E5nQUMI5qQ","16",1,"ZfeNvtfHzfYZk3eT"
"vMgTM0uMWOvL9NvR","147",1,"b9ghMr0AUhpJSYjk"
"71T5T1DVS10pFbxW","6",1,"bPjHBbNFkLYqk9a1"
"fodsekfqofCU5dXT","6",1,"bj0sco2uEhi9ghvr"
"71T5T1DVS10pFbxW","1",1,"cvO7ePT61iLEdA2O"
"R3NSRH4KtSowNMwx","312",1,"drr2175fTfMDiZJP"
"r809N74DuB4PZavO","13",3,"ffgEBepToHQB1ZKg"
"R3NSRH4KtSowNMwx","107",1,"gwJmE5RonUFDnyFB"
"XZhPi0E5nQUMI5qQ","96",1,"idynFRDbBxcLoXQ3"
"a5FNRKP1OswQb8If","352",1,"kEc3eeL0PV3D3S7I"
"UK4ZxsXlGdCxYBLS","4",1,"lEdhuqnxbwDonJkC"
"C2H9YdloL4cHgsQy","4",2,"m0FpEBEmTE4b92iL"
"fodsekfqofCU5dXT","4",1,"n68aov3kHFpV3MMx"
"fodsekfqofCU5dXT","3",2,"ntqqQa1fVZlvAQxG"
"wMkBOB6htln20KU8","70",1,"ogtGCUcYrXZ47cxT"
"R3NSRH4KtSowNMwx","303",1,"pJCUaCw8CjwSk9Xo"
"X6ghHJEeARVFlUcx","12",2,"rSaDINw3Bd3Jde7m"
"hBRYYZgDJyCCXyUZ","141",5,"rblcwZwyJ1kIumBQ"
"ylS1QHFJQU01hx04","14",2,"s3xFros6xDya1GdY"
"hBRYYZgDJyCCXyUZ","320",1,"tBZVJnu7ijoOA7zD"
"UK4ZxsXlGdCxYBLS","1",1,"tMswUnmFQhxa0PC7"
"hBRYYZgDJyCCXyUZ","233",2,"uv5tN5vMJQKOo6ge"
"71T5T1DVS10pFbxW","2",3,"uzAgdRISZiJfIsSO"
"Y0OjT68PIRdNNM7t","15",3,"xBIYSLdyyyNLdBwp"
"wMkBOB6htln20KU8","151",1,"zJxfjxRB2iutgpEc"